"","id","samp_date","habitat","area","sex","age","im_name","mean_density","latitude"
"1","2A069772","06.10.14","Urban","Madrid",1,"1yr","20231231_153804694",20.5459174057762,40.4168
"2","2A069772","06.10.14","Urban","Madrid",1,"1yr","20231231_153841555",19.2158634538152,40.4168
"3","2A069772","06.10.14","Urban","Madrid",1,"1yr","20231231_154002696",20.7535479278645,40.4168
"4","2A069775","06.10.14","Urban","Madrid",1,"2yr+","20231231_164400072",22.4935150785659,40.4168
"5","2A069775","06.10.14","Urban","Madrid",1,"2yr+","20231231_164416506",23.9556488722493,40.4168
"6","2A069775","06.10.14","Urban","Madrid",1,"2yr+","20231231_164435420",23.406189321852,40.4168
"7","2A069779","06.10.14","Urban","Madrid",2,"2yr+","20231231_163907891",23.2944258072104,40.4168
"8","2A069779","06.10.14","Urban","Madrid",2,"2yr+","20231231_163958712",21.3390263285685,40.4168
"9","2A069779","06.10.14","Urban","Madrid",2,"2yr+","20231231_164020820",21.7237514469249,40.4168
"10","2A069780","06.10.14","Urban","Madrid",1,"2yr+","20231231_163633292",20.9158845730778,40.4168
"11","2A069780","06.10.14","Urban","Madrid",1,"2yr+","20231231_163652993",19.5294218462997,40.4168
"12","2A069780","06.10.14","Urban","Madrid",1,"2yr+","20231231_163709853",19.9709480411922,40.4168
"13","2A069783","06.10.14","Urban","Madrid",2,"1yr","20231231_163410668",22.5723043708501,40.4168
"14","2A069783","06.10.14","Urban","Madrid",2,"1yr","20231231_163422380",20.7035041664522,40.4168
"15","2A069783","06.10.14","Urban","Madrid",2,"1yr","20231231_163443433",18.8139874644902,40.4168
"16","2A069784","06.10.14","Urban","Madrid",2,"2yr+","20231231_163101661",18.7325498975076,40.4168
"17","2A069784","06.10.14","Urban","Madrid",2,"2yr+","20231231_163150232",19.0755359613098,40.4168
"18","2A069784","06.10.14","Urban","Madrid",2,"2yr+","20231231_163201683",19.7571569861535,40.4168
"19","2A069786","07.10.14","Urban","Madrid",2,"1yr","20231231_162631429",20.4646038883704,40.4168
"20","2A069786","07.10.14","Urban","Madrid",2,"1yr","20231231_162701396",21.8499062857227,40.4168
"21","2A069786","07.10.14","Urban","Madrid",2,"1yr","20231231_162739008",24.6276698067078,40.4168
"22","2A069789","07.10.14","Urban","Madrid",2,"2yr+","20231231_162158490",20.8318318318318,40.4168
"23","2A069789","07.10.14","Urban","Madrid",2,"2yr+","20231231_162320623",22.9831872000698,40.4168
"24","2A069789","07.10.14","Urban","Madrid",2,"2yr+","20231231_162356070",20.4092684073802,40.4168
"25","2A069792","07.10.14","Urban","Madrid",1,"2yr+","20231231_161549128",21.1940312922542,40.4168
"26","2A069792","07.10.14","Urban","Madrid",1,"2yr+","20231231_161605134",21.2477721960701,40.4168
"27","2A069792","07.10.14","Urban","Madrid",1,"2yr+","20231231_161639289",20.8458436983312,40.4168
"28","2A069793","07.10.14","Urban","Madrid",2,"2yr+","20231231_161204535",20.7866845750133,40.4168
"29","2A069793","07.10.14","Urban","Madrid",2,"2yr+","20231231_161232019",21.9966612010171,40.4168
"30","2A069793","07.10.14","Urban","Madrid",2,"2yr+","20231231_161352872",23.7370868422058,40.4168
"31","2A069796","07.10.14","Urban","Madrid",2,"2yr+","20231231_160832997",22.0651957418785,40.4168
"32","2A069796","07.10.14","Urban","Madrid",2,"2yr+","20231231_160921142",22.1271700024252,40.4168
"33","2A069796","07.10.14","Urban","Madrid",2,"2yr+","20231231_160945473",22.2786024830801,40.4168
"34","2A211149","27.04.14","Forest","Madrid",1,"2yr+","20231231_155623136",22.4381723112841,40.4168
"35","2A211149","27.04.14","Forest","Madrid",1,"2yr+","20231231_155644747",20.7147259749633,40.4168
"36","2A211149","27.04.14","Forest","Madrid",1,"2yr+","20231231_155719694",20.5199586223682,40.4168
"37","2A211150","27.04.14","Forest","Madrid",1,"2yr+","20231231_155205268",20.1487263115771,40.4168
"38","2A211150","27.04.14","Forest","Madrid",1,"2yr+","20231231_155220850",18.4604105042926,40.4168
"39","2A211150","27.04.14","Forest","Madrid",1,"2yr+","20231231_155235531",19.9507651363939,40.4168
"40","2A211152","10.05.14","Forest","Madrid",2,"1yr","20231231_154755398",18.8294250826373,40.4168
"41","2A211152","10.05.14","Forest","Madrid",2,"1yr","20231231_154814332",19.6812306318294,40.4168
"42","2A211152","10.05.14","Forest","Madrid",2,"1yr","20231231_154839904",17.4695485416129,40.4168
"43","2A211155","10.05.14","Forest","Madrid",2,"1yr","20231231_152235212",20.7688294242467,40.4168
"44","2A211155","10.05.14","Forest","Madrid",2,"1yr","20231231_152333192",20.0693687699676,40.4168
"45","2A211155","10.05.14","Forest","Madrid",2,"1yr","20231231_152415263",20.8313237709008,40.4168
"46","2A211156","10.05.14","Forest","Madrid",2,"1yr","20231231_152630765",22.8151215132433,40.4168
"47","2A211156","10.05.14","Forest","Madrid",2,"1yr","20231231_152722531",21.2317186751969,40.4168
"48","2A211156","10.05.14","Forest","Madrid",2,"1yr","20231231_152750499",24.8221431179263,40.4168
"49","2A211157","10.05.14","Forest","Madrid",2,"1yr","20231231_173647940",23.3818168195169,40.4168
"50","2A211157","10.05.14","Forest","Madrid",2,"1yr","20231231_173704740",22.0213240157593,40.4168
"51","2A211157","10.05.14","Forest","Madrid",2,"1yr","20231231_173718763",22.5472077975248,40.4168
"52","2A211161","10.05.2014","Forest","Madrid",1,"1yr","20231231_160309266",22.7470851888412,40.4168
"53","2A211161","10.05.2014","Forest","Madrid",1,"1yr","20231231_160338401",19.4391296303037,40.4168
"54","2A211161","10.05.2014","Forest","Madrid",1,"1yr","20231231_160356127",21.5170541868427,40.4168
"55","2A211162","17.05.14","Forest","Madrid",2,"1yr","20231231_151122818",20.8419416560266,40.4168
"56","2A211162","17.05.14","Forest","Madrid",2,"1yr","20231231_151137079",21.7836182002101,40.4168
"57","2A211162","17.05.14","Forest","Madrid",2,"1yr","20231231_151151630",21.5129244249726,40.4168
"58","2A211169","24.05.14","Forest","Madrid",1,"1yr","20231231_153330032",20.1297592773496,40.4168
"59","2A211169","24.05.14","Forest","Madrid",1,"1yr","20231231_153345578",19.4880777476053,40.4168
"60","2A211169","24.05.14","Forest","Madrid",1,"1yr","20231231_153401977",19.1397873777392,40.4168
"61","2A211188","30.05.14","Forest","Madrid",1,"1yr","20231231_151801090",25.3814835603735,40.4168
"62","2A211188","30.05.14","Forest","Madrid",1,"1yr","20231231_151925080",26.9805494678244,40.4168
"63","2A211188","30.05.14","Forest","Madrid",1,"1yr","20231231_152032692",23.8289252311088,40.4168
"64","2A211189","30.05.14","Forest","Madrid",2,"1yr","20231231_153007474",23.2659070066256,40.4168
"65","2A211189","30.05.14","Forest","Madrid",2,"1yr","20231231_153040977",23.6477030908048,40.4168
"66","2A211189","30.05.14","Forest","Madrid",2,"1yr","20231231_153102028",22.6393334532158,40.4168
"67","2A211194","30.05.14","Forest","Madrid",1,"1yr","20231231_175318938",23.9223086892863,40.4168
"68","2A211194","30.05.14","Forest","Madrid",1,"1yr","20231231_175411738",23.4026600148704,40.4168
"69","2A211194","30.05.14","Forest","Madrid",1,"1yr","20231231_175435896",24.9223066394933,40.4168
"70","2A256634","10.05.14","Forest","Madrid",1,"2yr+","20231231_160619072",22.5829329046391,40.4168
"71","2A256634","10.05.14","Forest","Madrid",1,"2yr+","20231231_160644288",22.1108328872679,40.4168
"72","2A256634","10.05.14","Forest","Madrid",1,"2yr+","20231231_160703161",23.2421221989128,40.4168
"73","2A368605","07.06.14","Forest","Madrid",2,"1yr","20231231_151406366",23.8283292080875,40.4168
"74","2A368605","07.06.14","Forest","Madrid",2,"1yr","20231231_151423959",21.6769269269269,40.4168
"75","2A368605","07.06.14","Forest","Madrid",2,"1yr","20231231_151531609",20.7926364175518,40.4168
"76","2A369175","08.03.14","Urban","Madrid",1,"2yr+","20231231_154118760",19.2551313869434,40.4168
"77","2A369175","08.03.14","Urban","Madrid",1,"2yr+","20231231_154141733",18.3681723266293,40.4168
"78","2A369175","08.03.14","Urban","Madrid",1,"2yr+","20231231_154225388",18.8358634538152,40.4168
"79","2A395620","10.05.14","Forest","Madrid",1,"1yr","20231231_175107300",20.2551026005923,40.4168
"80","2A395620","10.05.14","Forest","Madrid",1,"1yr","20231231_175123837",20.0353234294463,40.4168
"81","2A395620","10.05.14","Forest","Madrid",1,"1yr","20231231_175138621",20.4790475967176,40.4168
"82","2A395634","10.05.14","Forest","Madrid",2,"1yr","20231231_173908002",19.3550782732922,40.4168
"83","2A395634","10.05.14","Forest","Madrid",2,"1yr","20231231_173921035",22.7932984853962,40.4168
"84","2A395634","10.05.14","Forest","Madrid",2,"1yr","20231231_173955193",23.3125165293992,40.4168
"85","2A395635","10.05.14","Forest","Madrid",1,"1yr","20231231_174824583",20.710761966786,40.4168
"86","2A395635","10.05.14","Forest","Madrid",1,"1yr","20231231_174840257",20.9723106873465,40.4168
"87","2A395635","10.05.14","Forest","Madrid",1,"1yr","20231231_174902793",21.7580814849785,40.4168
"88","2A395636","27.04.14","Forest","Madrid",1,"2yr+","20231231_160059410",20.7688294242467,40.4168
"89","2A395636","27.04.14","Forest","Madrid",1,"2yr+","20231231_160119508",21.7146921017403,40.4168
"90","2A395636","27.04.14","Forest","Madrid",1,"2yr+","20231231_160145110",21.4730053006451,40.4168
"91","2A395638","27.04.14","Forest","Madrid",2,"2yr+","20231231_155407308",23.0306466959677,40.4168
"92","2A395638","27.04.14","Forest","Madrid",2,"2yr+","20231231_155424373",21.7580814849785,40.4168
"93","2A395638","27.04.14","Forest","Madrid",2,"2yr+","20231231_155442418",21.4055510672638,40.4168
"94","2A430831","10.05.14","Forest","Madrid",2,"1yr","20231231_153513642",18.7551549668242,40.4168
"95","2A430831","10.05.14","Forest","Madrid",2,"1yr","20231231_153524344",20.415587507278,40.4168
"96","2A430831","10.05.14","Forest","Madrid",2,"1yr","20231231_153533252",19.8392360984724,40.4168
"97","2A431192","07.03.14","Urban","Madrid",1,"2yr+","20231231_164632570",21.1834740775792,40.4168
"98","2A431192","07.03.14","Urban","Madrid",1,"2yr+","20231231_164728627",20.7675868639724,40.4168
"99","2A431192","07.03.14","Urban","Madrid",1,"2yr+","20231231_164750543",18.4602976470447,40.4168
"100","2A431193","07.03.14","Urban","Madrid",1,"2yr+","20231231_173415651",18.1858505274168,40.4168
"101","2A431193","07.03.14","Urban","Madrid",1,"2yr+","20231231_173436405",18.4258989883608,40.4168
"102","2A431193","07.03.14","Urban","Madrid",1,"2yr+","20231231_173455514",21.0563707419995,40.4168
"103","2A431194","07.03.14","Urban","Madrid",1,"2yr+","20231231_154546890",19.8392360984724,40.4168
"104","2A431194","07.03.14","Urban","Madrid",1,"2yr+","20231231_154559066",22.2598505724868,40.4168
"105","2A431194","07.03.14","Urban","Madrid",1,"2yr+","20231231_154618895",20.4790475967176,40.4168
"106","2A431492","07.10.14","Urban","Madrid",1,"2yr+","20231231_174139902",20.3694287493217,40.4168
"107","2A431492","07.10.14","Urban","Madrid",1,"2yr+","20231231_174150520",19.8883335982771,40.4168
"108","2A431492","07.10.14","Urban","Madrid",1,"2yr+","20231231_174203068",19.508036737644,40.4168
"109","G1","16.06.15","Urban","Goteborg",1,"2yr+","20240101_144636451",21.415866819952,57.7089
"110","G1","16.06.15","Urban","Goteborg",1,"2yr+","20240101_144703912",18.9477337545174,57.7089
"111","G1","16.06.15","Urban","Goteborg",1,"2yr+","20240101_144723024",20.2670900519712,57.7089
"112","G10","16.06.15","Urban","Goteborg",1,"2yr+","20240101_142450807",22.4174838496075,57.7089
"113","G10","16.06.15","Urban","Goteborg",1,"2yr+","20240101_142511298",20.5643269002874,57.7089
"114","G10","16.06.15","Urban","Goteborg",1,"2yr+","20240101_142526185",19.9387519341304,57.7089
"115","G11","16.06.15","Urban","Goteborg",2,"2yr+","20240101_142643302",18.8067169087007,57.7089
"116","G11","16.06.15","Urban","Goteborg",2,"2yr+","20240101_142655777",19.3516618776358,57.7089
"117","G11","16.06.15","Urban","Goteborg",2,"2yr+","20240101_142808173",18.7711472039199,57.7089
"118","G12","17.06.15","Forest","Goteborg",2,"2yr+","20240101_145423474",23.6903429440024,57.7089
"119","G12","17.06.15","Forest","Goteborg",2,"2yr+","20240101_145436762",21.7338884407819,57.7089
"120","G12","17.06.15","Forest","Goteborg",2,"2yr+","20240101_145510634",24.3358490758962,57.7089
"121","G13","17.06.15","Forest","Goteborg",1,"2yr+","20240101_142958985",19.7660312893364,57.7089
"122","G13","17.06.15","Forest","Goteborg",1,"2yr+","20240101_143020919",20.333490693283,57.7089
"123","G13","17.06.15","Forest","Goteborg",1,"2yr+","20240101_143111008",23.0048357010773,57.7089
"124","G14","17.06.15","Forest","Goteborg",2,"1yr","20240101_141841490",22.2604696819685,57.7089
"125","G14","17.06.15","Forest","Goteborg",2,"1yr","20240101_141932118",21.6899323554133,57.7089
"126","G14","17.06.15","Forest","Goteborg",2,"1yr","20240101_142004702",22.479958463136,57.7089
"127","G15","17.06.15","Forest","Goteborg",2,"1yr","20240101_141432295",18.8472742935488,57.7089
"128","G15","17.06.15","Forest","Goteborg",2,"1yr","20240101_141446616",19.8994770623278,57.7089
"129","G15","17.06.15","Forest","Goteborg",2,"1yr","20240101_141530200",19.4912923397917,57.7089
"130","G16","17.06.15","Forest","Goteborg",2,"1yr","20240101_145055139",18.2035968648006,57.7089
"131","G16","17.06.15","Forest","Goteborg",2,"1yr","20240101_145140089",21.2255149684152,57.7089
"132","G16","17.06.15","Forest","Goteborg",2,"1yr","20240101_145152795",20.0327453868622,57.7089
"133","G17","17.06.15","Forest","Goteborg",1,"1yr","20240101_141051980",21.7372945933104,57.7089
"134","G17","17.06.15","Forest","Goteborg",1,"1yr","20240101_141124123",17.0057449883118,57.7089
"135","G17","17.06.15","Forest","Goteborg",1,"1yr","20240101_141210625",18.6749497991968,57.7089
"136","G18","17.06.15","Forest","Goteborg",2,"1yr","20240101_140842327",18.1828566244229,57.7089
"137","G18","17.06.15","Forest","Goteborg",2,"1yr","20240101_140858624",18.644801427934,57.7089
"138","G18","17.06.15","Forest","Goteborg",2,"1yr","20240101_140912452",19.5483187114607,57.7089
"139","G19","17.06.15","Forest","Goteborg",1,"1yr","20240101_140308545",23.1354797979798,57.7089
"140","G19","17.06.15","Forest","Goteborg",1,"1yr","20240101_140406276",25.4596876933717,57.7089
"141","G19","17.06.15","Forest","Goteborg",1,"1yr","20240101_140600852",20.9565656565656,57.7089
"142","G2","16.06.15","Urban","Goteborg",2,"2yr+","20240101_144421492",20.7648221737271,57.7089
"143","G2","16.06.15","Urban","Goteborg",2,"2yr+","20240101_144439868",20.3126057614201,57.7089
"144","G2","16.06.15","Urban","Goteborg",2,"2yr+","20240101_144518976",20.5019944415715,57.7089
"145","G20","17.06.15","Forest","Goteborg",1,"1yr","20240101_140030775",19.7630052107626,57.7089
"146","G20","17.06.15","Forest","Goteborg",1,"1yr","20240101_140038455",15.7144628692097,57.7089
"147","G20","17.06.15","Forest","Goteborg",1,"1yr","20240101_140133522",20.2498783010831,57.7089
"148","G21","17.06.15","Forest","Goteborg",1,"2yr+","20240101_135802082",18.6484848484848,57.7089
"149","G21","17.06.15","Forest","Goteborg",1,"2yr+","20240101_135818008",19.4848141554728,57.7089
"150","G21","17.06.15","Forest","Goteborg",1,"2yr+","20240101_135826695",21.9337373811804,57.7089
"151","G22","17.06.15","Forest","Goteborg",2,"2yr+","20240101_144851991",20.7688294242467,57.7089
"152","G22","17.06.15","Forest","Goteborg",2,"2yr+","20240101_144909873",22.6749761810003,57.7089
"153","G22","17.06.15","Forest","Goteborg",2,"2yr+","20240101_144926764",21.1236242085649,57.7089
"154","G3","16.06.15","Urban","Goteborg",1,"1yr","20240101_144127315",22.5823191531164,57.7089
"155","G3","16.06.15","Urban","Goteborg",1,"1yr","20240101_144145261",21.1862468416641,57.7089
"156","G3","16.06.15","Urban","Goteborg",1,"1yr","20240101_144238133",22.7692209816198,57.7089
"157","G4","16.06.15","Urban","Goteborg",2,"1yr","20240101_143911130",20.2315572644878,57.7089
"158","G4","16.06.15","Urban","Goteborg",2,"1yr","20240101_143927492",19.0786592112702,57.7089
"159","G4","16.06.15","Urban","Goteborg",2,"1yr","20240101_143955781",16.710795752914,57.7089
"160","G5","16.06.15","Urban","Goteborg",2,"1yr","20240101_145951623",20.6691200732053,57.7089
"161","G5","16.06.15","Urban","Goteborg",2,"1yr","20240101_150005417",20.8693170996822,57.7089
"162","G5","16.06.15","Urban","Goteborg",2,"1yr","20240101_150044288",20.6236832298258,57.7089
"163","G6","16.06.15","Urban","Goteborg",2,"1yr","20240101_143653623",20.341814777635,57.7089
"164","G6","16.06.15","Urban","Goteborg",2,"1yr","20240101_143711209",19.3941429217548,57.7089
"165","G6","16.06.15","Urban","Goteborg",2,"1yr","20240101_143726488",20.4375101896042,57.7089
"166","G7","16.06.15","Urban","Goteborg",1,"2yr+","20240101_145729131",19.9235591338497,57.7089
"167","G7","16.06.15","Urban","Goteborg",1,"2yr+","20240101_145802785",21.7329024248258,57.7089
"168","G7","16.06.15","Urban","Goteborg",1,"2yr+","20240101_145819383",20.9279102632043,57.7089
"169","G8","16.06.15","Urban","Goteborg",2,"2yr+","20240101_143432995",19.1184335574702,57.7089
"170","G8","16.06.15","Urban","Goteborg",2,"2yr+","20240101_143514622",20.9935529723309,57.7089
"171","G8","16.06.15","Urban","Goteborg",2,"2yr+","20240101_143542867",22.60679863652,57.7089
"172","G9","16.06.15","Urban","Goteborg",2,"1yr","20240101_142232741",20.4804231624374,57.7089
"173","G9","16.06.15","Urban","Goteborg",2,"1yr","20240101_142251047",17.2290844838922,57.7089
"174","G9","16.06.15","Urban","Goteborg",2,"1yr","20240101_142317348",15.8395503937673,57.7089
"175","LI01","24.09.14","Urban","Lisbon",1,"2yr+","20231230_175236605",20.8127224193453,38.7169
"176","LI01","24.09.14","Urban","Lisbon",1,"2yr+","20231230_175249149",20.9925328313388,38.7169
"177","LI01","24.09.14","Urban","Lisbon",1,"2yr+","20231230_175324192",19.472218442007,38.7169
"178","LI02","24.09.14","Urban","Lisbon",2,"1yr","20231230_174016188",19.1607383235891,38.7169
"179","LI02","24.09.14","Urban","Lisbon",2,"1yr","20231230_174044105",19.5669107998413,38.7169
"180","LI02","24.09.14","Urban","Lisbon",2,"1yr","20231230_174110140",20.3836027892115,38.7169
"181","LI03","24.09.14","Urban","Lisbon",1,"2yr+","20231230_175452857",20.169798221003,38.7169
"182","LI03","24.09.14","Urban","Lisbon",1,"2yr+","20231230_175514999",18.463707189311,38.7169
"183","LI03","24.09.14","Urban","Lisbon",1,"2yr+","20231230_175611993",20.1309958977687,38.7169
"184","LI05","24.09.14","Urban","Lisbon",2,"2yr+","20231230_175909596",20.8963246927102,38.7169
"185","LI05","24.09.14","Urban","Lisbon",2,"2yr+","20231230_180013773",17.4737055359464,38.7169
"186","LI05","24.09.14","Urban","Lisbon",2,"2yr+","20231230_180134889",16.5840336903781,38.7169
"187","LI07","24.09.14","Urban","Lisbon",1,"1yr","20231230_180432134",18.4904876628634,38.7169
"188","LI07","24.09.14","Urban","Lisbon",1,"1yr","20231230_180458381",17.9093106289481,38.7169
"189","LI07","24.09.14","Urban","Lisbon",1,"1yr","20231230_180651431",22.7646742695586,38.7169
"190","LI08","24.09.14","Urban","Lisbon",2,"1yr","20231230_180907069",18.5740659608129,38.7169
"191","LI08","24.09.14","Urban","Lisbon",2,"1yr","20231230_180942108",23.1924855330872,38.7169
"192","LI08","24.09.14","Urban","Lisbon",2,"1yr","20231230_181046069",20.5419195595896,38.7169
"193","LI09","25.09.14","Urban","Lisbon",1,"2yr+","20231230_181333337",20.5208356082942,38.7169
"194","LI09","25.09.14","Urban","Lisbon",1,"2yr+","20231230_181348215",18.2406298635906,38.7169
"195","LI09","25.09.14","Urban","Lisbon",1,"2yr+","20231230_181424289",20.8531527924386,38.7169
"196","LI10","25.09.14","Urban","Lisbon",1,"2yr+","20231230_181637801",22.8403412200995,38.7169
"197","LI10","25.09.14","Urban","Lisbon",1,"2yr+","20231230_181725351",21.4928384231791,38.7169
"198","LI10","25.09.14","Urban","Lisbon",1,"2yr+","20231230_181753131",21.603096966063,38.7169
"199","LI11","25.09.14","Urban","Lisbon",2,"2yr+","20231230_181941574",22.505890227577,38.7169
"200","LI11","25.09.14","Urban","Lisbon",2,"2yr+","20231230_182017546",23.5509066569307,38.7169
"201","LI11","25.09.14","Urban","Lisbon",2,"2yr+","20231230_182045200",20.1517141663922,38.7169
"202","LI13","25.09.14","Urban","Lisbon",1,"2yr+","20231230_182302339",19.2327065839114,38.7169
"203","LI13","25.09.14","Urban","Lisbon",1,"2yr+","20231230_182316997",18.5729530959138,38.7169
"204","LI13","25.09.14","Urban","Lisbon",1,"2yr+","20231230_182332970",18.2396258659098,38.7169
"205","LI18","25.09.14","Urban","Lisbon",1,"2yr+","20231231_090927804",20.2152972728073,38.7169
"206","LI18","25.09.14","Urban","Lisbon",1,"2yr+","20231231_091028463",21.6511473623106,38.7169
"207","LI18","25.09.14","Urban","Lisbon",1,"2yr+","20231231_091123938",21.5549653158087,38.7169
"208","LI20","26.09.24","Urban","Lisbon",1,"2yr+","20231231_091318875",19.5471926471926,38.7169
"209","LI20","26.09.24","Urban","Lisbon",1,"2yr+","20231231_091354779",18.5339181499412,38.7169
"210","LI20","26.09.24","Urban","Lisbon",1,"2yr+","20231231_091424379",20.8313237709008,38.7169
"211","LI21","26.09.24","Urban","Lisbon",2,"1yr","20231231_091712480",19.5670317634173,38.7169
"212","LI21","26.09.24","Urban","Lisbon",2,"1yr","20231231_091733306",20.1921187927176,38.7169
"213","LI21","26.09.24","Urban","Lisbon",2,"1yr","20231231_091805114",19.5289947669465,38.7169
"214","LI22","26.09.14","Urban","Lisbon",1,"1yr","20231231_092447297",20.2526412157832,38.7169
"215","LI22","26.09.14","Urban","Lisbon",1,"1yr","20231231_092515017",19.8402340479743,38.7169
"216","LI22","26.09.14","Urban","Lisbon",1,"1yr","20231231_092547831",20.2105942767683,38.7169
"217","LI27","27.09.14","Urban","Lisbon",2,"1yr","20231231_092738420",20.7646441758979,38.7169
"218","LI27","27.09.14","Urban","Lisbon",2,"1yr","20231231_092822271",20.2728554426439,38.7169
"219","LI27","27.09.14","Urban","Lisbon",2,"1yr","20231231_092907093",21.2678110409228,38.7169
"220","LI28","27.09.14","Urban","Lisbon",1,"2yr+","20231231_093058267",21.2744378393184,38.7169
"221","LI28","27.09.14","Urban","Lisbon",1,"2yr+","20231231_093121436",18.9223442888095,38.7169
"222","LI28","27.09.14","Urban","Lisbon",1,"2yr+","20231231_093143906",18.1687765186655,38.7169
"223","LI29","27.09.14","Urban","Lisbon",1,"2yr+","20231231_093346798",20.3173025406848,38.7169
"224","LI29","27.09.14","Urban","Lisbon",1,"2yr+","20231231_093403924",19.3735036032742,38.7169
"225","LI29","27.09.14","Urban","Lisbon",1,"2yr+","20231231_093420988",21.8451145973622,38.7169
"226","LI33","27.09.14","Urban","Lisbon",2,"1yr","20231231_093657306",19.8782710444451,38.7169
"227","LI33","27.09.14","Urban","Lisbon",2,"1yr","20231231_093803045",19.5659068021605,38.7169
"228","LI33","27.09.14","Urban","Lisbon",2,"1yr","20231231_093847397",19.2156325751601,38.7169
"229","LI35","30.09.14","Forest","Lisbon",2,"1yr","20231230_174631911",21.32082607717,38.7169
"230","LI35","30.09.14","Forest","Lisbon",2,"1yr","20231230_174647194",21.4463471230291,38.7169
"231","LI35","30.09.14","Forest","Lisbon",2,"1yr","20231230_174730482",20.6860007192951,38.7169
"232","LI37","30.09.14","Forest","Lisbon",2,"1yr","20231231_094012042",20.8301999538941,38.7169
"233","LI37","30.09.14","Forest","Lisbon",2,"1yr","20231231_094057714",19.5669107998413,38.7169
"234","LI37","30.09.14","Forest","Lisbon",2,"1yr","20231231_094117447",23.5218088687258,38.7169
"235","LI38","30.09.14","Forest","Lisbon",1,"2yr+","20231231_094327562",23.3371610416386,38.7169
"236","LI38","30.09.14","Forest","Lisbon",1,"2yr+","20231231_094435381",23.4519631377455,38.7169
"237","LI38","30.09.14","Forest","Lisbon",1,"2yr+","20231231_094452713",22.2197460537012,38.7169
"238","LI39","30.09.14","Forest","Lisbon",1,"2yr+","20231231_094708195",22.0655877864607,38.7169
"239","LI39","30.09.14","Forest","Lisbon",1,"2yr+","20231231_094742263",22.2196117804551,38.7169
"240","LI39","30.09.14","Forest","Lisbon",1,"2yr+","20231231_094835055",19.1755465098748,38.7169
"241","LI40","30.09.14","Forest","Lisbon",1,"2yr+","20231231_095133986",20.458715486014,38.7169
"242","LI40","30.09.14","Forest","Lisbon",1,"2yr+","20231231_095150850",20.832195852898,38.7169
"243","LI40","30.09.14","Forest","Lisbon",1,"2yr+","20231231_095217351",21.0140956757991,38.7169
"244","LI42","30.09.14","Forest","Lisbon",1,"2yr+","20231231_095453039",20.5439154585935,38.7169
"245","LI42","30.09.14","Forest","Lisbon",1,"2yr+","20231231_095504720",20.5439215067723,38.7169
"246","LI42","30.09.14","Forest","Lisbon",1,"2yr+","20231231_095523863",22.0726498476597,38.7169
"247","LI43","30.09.14","Forest","Lisbon",1,"2yr+","20231231_095738702",22.579171230376,38.7169
"248","LI43","30.09.14","Forest","Lisbon",1,"2yr+","20231231_095821528",20.8521548429367,38.7169
"249","LI43","30.09.14","Forest","Lisbon",1,"2yr+","20231231_095918525",19.8993549957405,38.7169
"250","LI46","30.09.14","Forest","Lisbon",1,"1yr","20231231_100106436",20.4991275503323,38.7169
"251","LI46","30.09.14","Forest","Lisbon",1,"1yr","20231231_100123463",19.8174070769346,38.7169
"252","LI46","30.09.14","Forest","Lisbon",1,"1yr","20231231_100157949",21.4747611389177,38.7169
"253","LI57","01.10.14","Forest","Lisbon",2,"2yr+","20231231_100951084",20.9928056311266,38.7169
"254","LI57","01.10.14","Forest","Lisbon",2,"2yr+","20231231_101004676",20.372099674663,38.7169
"255","LI57","01.10.14","Forest","Lisbon",2,"2yr+","20231231_101021897",21.2266459778508,38.7169
"256","LI58","01.10.14","Forest","Lisbon",1,"2yr+","20231230_174343649",18.944554304373,38.7169
"257","LI58","01.10.14","Forest","Lisbon",1,"2yr+","20231230_174432260",20.1705553331149,38.7169
"258","LI58","01.10.14","Forest","Lisbon",1,"2yr+","20231230_174500695",22.0436328974182,38.7169
"259","LI59","01.10.14","Forest","Lisbon",1,"2yr+","20231231_101301499",19.487085791794,38.7169
"260","LI59","01.10.14","Forest","Lisbon",1,"2yr+","20231231_101310342",20.1417490858958,38.7169
"261","LI59","01.10.14","Forest","Lisbon",1,"2yr+","20231231_101319979",20.4610725183014,38.7169
"262","LI60","01.10.14","Forest","Lisbon",1,"2yr+","20231231_101516005",19.3695455619268,38.7169
"263","LI60","01.10.14","Forest","Lisbon",1,"2yr+","20231231_101531380",21.5789221520339,38.7169
"264","LI60","01.10.14","Forest","Lisbon",1,"2yr+","20231231_101550523",20.9790453909071,38.7169
"265","LI63","01.10.14","Forest","Lisbon",1,"1yr","20231230_174915510",19.4103078982597,38.7169
"266","LI63","01.10.14","Forest","Lisbon",1,"1yr","20231230_174935375",19.9994228495304,38.7169
"267","LI63","01.10.14","Forest","Lisbon",1,"1yr","20231230_174947550",18.9408617470621,38.7169
"268","LI64","01.10.14","Forest","Lisbon",1,"2yr+","20231231_101836410",21.2987803854341,38.7169
"269","LI64","01.10.14","Forest","Lisbon",1,"2yr+","20231231_101852281",21.8672025463384,38.7169
"270","LI64","01.10.14","Forest","Lisbon",1,"2yr+","20231231_101908060",19.4141671205094,38.7169
"271","LI67","01.10.14","Forest","Lisbon",2,"1yr","20231231_102057914",19.567914797522,38.7169
"272","LI67","01.10.14","Forest","Lisbon",2,"1yr","20231231_102131372",18.8294250826373,38.7169
"273","LI67","01.10.14","Forest","Lisbon",2,"1yr","20231231_102150120",18.1707664239787,38.7169
"274","LI68","01.09.14","Forest","Lisbon",2,"2yr+","20231231_102441718",18.8628258634246,38.7169
"275","LI68","01.09.14","Forest","Lisbon",2,"2yr+","20231231_102644806",19.4887937862641,38.7169
"276","LI68","01.09.14","Forest","Lisbon",2,"2yr+","20231231_102716980",18.5709451005523,38.7169
"277","MI10","10.09.14","Forest","Milan",1,"2yr+","20240101_090236210",20.6780050059402,45.4642
"278","MI10","10.09.14","Forest","Milan",1,"2yr+","20240101_090255576",21.380438420348,45.4642
"279","MI10","10.09.14","Forest","Milan",1,"2yr+","20240101_090322834",19.9909573752857,45.4642
"280","MI11","11.09.14","Forest","Milan",1,"1yr","20240101_092553454",17.4901648636589,45.4642
"281","MI11","11.09.14","Forest","Milan",1,"1yr","20240101_092618576",19.4702285366938,45.4642
"282","MI11","11.09.14","Forest","Milan",1,"1yr","20240101_092626032",18.3379748052774,45.4642
"283","MI14","12.09.14","Forest","Milan",2,"1yr","20240101_092803963",22.3057824649209,45.4642
"284","MI14","12.09.14","Forest","Milan",2,"1yr","20240101_092818523",19.5121495537158,45.4642
"285","MI14","12.09.14","Forest","Milan",2,"1yr","20240101_092830699",19.7066123236405,45.4642
"286","MI16","12.09.14","Forest","Milan",2,"1yr","20240101_092105194",19.7319460410111,45.4642
"287","MI16","12.09.14","Forest","Milan",2,"1yr","20240101_092244158",19.7297797914964,45.4642
"288","MI16","12.09.14","Forest","Milan",2,"1yr","20240101_092350263",21.1591595106959,45.4642
"289","MI17","13.09.14","Forest","Milan",1,"2yr+","20240101_091741951",19.6102208020186,45.4642
"290","MI17","13.09.14","Forest","Milan",1,"2yr+","20240101_091758159",20.0635176616464,45.4642
"291","MI17","13.09.14","Forest","Milan",1,"2yr+","20240101_091823437",19.3577065694767,45.4642
"292","MI18","13.09.14","Forest","Milan",1,"2yr+","20240101_091421791",19.5605709046481,45.4642
"293","MI18","13.09.14","Forest","Milan",1,"2yr+","20240101_091506140",19.4683574284838,45.4642
"294","MI18","13.09.14","Forest","Milan",1,"2yr+","20240101_091543325",17.8563104381272,45.4642
"295","MI19","13.09.14","Forest","Milan",1,"2yr+","20240101_091043186",19.1597523614686,45.4642
"296","MI19","13.09.14","Forest","Milan",1,"2yr+","20240101_091103025",21.3407270874543,45.4642
"297","MI19","13.09.14","Forest","Milan",1,"2yr+","20240101_091132264",21.4673040625697,45.4642
"298","MI2","09.09.18","Forest","Milan",1,"2yr+","20240101_085501904",21.0153278278278,45.4642
"299","MI2","09.09.18","Forest","Milan",1,"2yr+","20240101_085514209",22.1099656145794,45.4642
"300","MI2","09.09.18","Forest","Milan",1,"2yr+","20240101_085604432",21.8013366804725,45.4642
"301","MI20","13.09.14","Forest","Milan",2,"1yr","20240101_090905373",18.7566520447941,45.4642
"302","MI20","13.09.14","Forest","Milan",2,"1yr","20240101_090923306",18.8478478478479,45.4642
"303","MI20","13.09.14","Forest","Milan",2,"1yr","20240101_090936599",20.9036909052759,45.4642
"304","MI22","13.09.14","Forest","Milan",2,"1yr","20240101_090639750",22.0634897800156,45.4642
"305","MI22","13.09.14","Forest","Milan",2,"1yr","20240101_090710472",17.5093287744752,45.4642
"306","MI22","13.09.14","Forest","Milan",2,"1yr","20240101_090728920",20.3792202503822,45.4642
"307","MI23","13.09.14","Forest","Milan",1,"2yr+","20240101_090431251",20.8734939759036,45.4642
"308","MI23","13.09.14","Forest","Milan",1,"2yr+","20240101_090453157",17.1317515783173,45.4642
"309","MI23","13.09.14","Forest","Milan",1,"2yr+","20240101_090509428",19.9478129480446,45.4642
"310","MI27","14.09.14","Urban","Milan",2,"1yr","20240101_085944617",18.4822405487058,45.4642
"311","MI27","14.09.14","Urban","Milan",2,"1yr","20240101_085951462",18.80969282997,45.4642
"312","MI27","14.09.14","Urban","Milan",2,"1yr","20240101_090020974",19.7024117625187,45.4642
"313","MI28","14.09.14","Urban","Milan",2,"2yr+","20240101_085734561",20.1915122726555,45.4642
"314","MI28","14.09.14","Urban","Milan",2,"2yr+","20240101_085748125",20.5481630463931,45.4642
"315","MI28","14.09.14","Urban","Milan",2,"2yr+","20240101_085811818",19.1201749988859,45.4642
"316","MI29","14.09.14","Urban","Milan",1,"2yr+","20240101_101909651",19.7020032793897,45.4642
"317","MI29","14.09.14","Urban","Milan",1,"2yr+","20240101_101919752",20.2181904548791,45.4642
"318","MI29","14.09.14","Urban","Milan",1,"2yr+","20240101_101934140",20.9921498035711,45.4642
"319","MI3","09.09.14","Forest","Milan",2,"2yr+","20240101_093005974",20.1915122726555,45.4642
"320","MI3","09.09.14","Forest","Milan",2,"2yr+","20240101_093055407",18.4395853721119,45.4642
"321","MI3","09.09.14","Forest","Milan",2,"2yr+","20240101_093123920",16.4688365327947,45.4642
"322","MI33","15.09.14","Forest","Milan",2,"1yr","20240101_103236819",19.7786069201732,45.4642
"323","MI33","15.09.14","Forest","Milan",2,"1yr","20240101_103246193",21.6236858159935,45.4642
"324","MI33","15.09.14","Forest","Milan",2,"1yr","20240101_103254113",22.2157689038105,45.4642
"325","MI34","15.09.14","Forest","Milan",2,"1yr","20240101_101606871",19.3715009938604,45.4642
"326","MI34","15.09.14","Forest","Milan",2,"1yr","20240101_101658349",22.4381723112841,45.4642
"327","MI34","15.09.14","Forest","Milan",2,"1yr","20240101_101712342",22.867919262652,45.4642
"328","MI35","15.09.14","Forest","Milan",2,"1yr","20240101_101314418",23.6177319550104,45.4642
"329","MI35","15.09.14","Forest","Milan",2,"1yr","20240101_101325997",23.1293009399127,45.4642
"330","MI35","15.09.14","Forest","Milan",2,"1yr","20240101_101356578",22.5453702430442,45.4642
"331","MI37","16.09.14","Urban","Milan",1,"2yr+","20240101_101029848",19.7820587932765,45.4642
"332","MI37","16.09.14","Urban","Milan",1,"2yr+","20240101_101044234",21.8230569130747,45.4642
"333","MI37","16.09.14","Urban","Milan",1,"2yr+","20240101_101115713",20.2239874523966,45.4642
"334","MI4","10.09.14","Forest","Milan",1,"2yr+","20240101_093242159",20.3989346296485,45.4642
"335","MI4","10.09.14","Forest","Milan",1,"2yr+","20240101_093252990",19.1184335574702,45.4642
"336","MI4","10.09.14","Forest","Milan",1,"2yr+","20240101_093308165",19.6804928669903,45.4642
"337","MI42","16.09.14","Urban","Milan",2,"1yr","20240101_100640887",22.3259324724046,45.4642
"338","MI42","16.09.14","Urban","Milan",2,"1yr","20240101_100653987",19.544592812397,45.4642
"339","MI42","16.09.14","Urban","Milan",2,"1yr","20240101_100725500",19.2939676616915,45.4642
"340","MI43","16.09.14","Urban","Milan",1,"2yr+","20240101_100400607",18.5806922585996,45.4642
"341","MI43","16.09.14","Urban","Milan",1,"2yr+","20240101_100412646",17.9912379488279,45.4642
"342","MI43","16.09.14","Urban","Milan",1,"2yr+","20240101_100426381",19.3198013114759,45.4642
"343","MI46","16.09.14","Urban","Milan",1,"2yr+","20240101_100134546",19.0661856878748,45.4642
"344","MI46","16.09.14","Urban","Milan",1,"2yr+","20240101_100150185",21.7162697133386,45.4642
"345","MI46","16.09.14","Urban","Milan",1,"2yr+","20240101_100204777",20.7578958054593,45.4642
"346","MI48","16.09.14","Urban","Milan",1,"2yr+","20240101_095522513",18.7878673609485,45.4642
"347","MI48","16.09.14","Urban","Milan",1,"2yr+","20240101_095540662",18.825662025662,45.4642
"348","MI48","16.09.14","Urban","Milan",1,"2yr+","20240101_095606798",17.9862566493987,45.4642
"349","MI5","10.09.14","Forest","Milan",1,"1yr","20240101_103104555",17.7308577593958,45.4642
"350","MI5","10.09.14","Forest","Milan",1,"1yr","20240101_103112114",19.1577564624647,45.4642
"351","MI5","10.09.14","Forest","Milan",1,"1yr","20240101_103120130",18.1884969093924,45.4642
"352","MI50","16.09.14","Urban","Milan",2,"1yr","20240101_094546929",20.2919794794795,45.4642
"353","MI50","16.09.14","Urban","Milan",2,"1yr","20240101_094600361",18.40561249103,45.4642
"354","MI50","16.09.14","Urban","Milan",2,"1yr","20240101_094618608",20.4251061279315,45.4642
"355","MI51","17.09.14","Urban","Milan",2,"2yr+","20240101_094228401",17.4045738843598,45.4642
"356","MI51","17.09.14","Urban","Milan",2,"2yr+","20240101_094240911",16.6075234483106,45.4642
"357","MI51","17.09.14","Urban","Milan",2,"2yr+","20240101_094254641",18.184306086622,45.4642
"358","MI52","17.09.14","Urban","Milan",2,"1yr","20240101_094024753",20.9915790622046,45.4642
"359","MI52","17.09.14","Urban","Milan",2,"1yr","20240101_094046799",19.2963360331654,45.4642
"360","MI52","17.09.14","Urban","Milan",2,"1yr","20240101_094101153",21.1637740149788,45.4642
"361","MI54","17.09.14","Urban","Milan",1,"2yr+","20240101_093752225",17.7858010917737,45.4642
"362","MI54","17.09.14","Urban","Milan",1,"2yr+","20240101_093813348",17.6890682124539,45.4642
"363","MI54","17.09.14","Urban","Milan",1,"2yr+","20240101_093831666",19.5689812816459,45.4642
"364","MI55","17.09.14","Urban","Milan",2,"1yr","20240101_093443565",22.9626103715656,45.4642
"365","MI55","17.09.14","Urban","Milan",2,"1yr","20240101_093500895",17.7705651270606,45.4642
"366","MI55","17.09.14","Urban","Milan",2,"1yr","20240101_093516404",21.0772018140354,45.4642
"367","MI56","18.09.14","Urban","Milan",1,"2yr+","20240101_102621619",20.7488585006621,45.4642
"368","MI56","18.09.14","Urban","Milan",1,"2yr+","20240101_102638321",18.8148729143399,45.4642
"369","MI56","18.09.14","Urban","Milan",1,"2yr+","20240101_102650589",18.5131131131131,45.4642
"370","MI58","18.09.14","Urban","Milan",2,"2yr+","20240101_102342758",21.1083080226707,45.4642
"371","MI58","18.09.14","Urban","Milan",2,"2yr+","20240101_102359164",22.5677766001295,45.4642
"372","MI58","18.09.14","Urban","Milan",2,"2yr+","20240101_102408597",20.74688646875,45.4642
"373","MI60","18.09.14","Urban","Milan",1,"2yr+","20240101_102143601",21.7932083921166,45.4642
"374","MI60","18.09.14","Urban","Milan",1,"2yr+","20240101_102203368",23.2937595539969,45.4642
"375","MI60","18.09.14","Urban","Milan",1,"2yr+","20240101_102216139",21.0746561240254,45.4642
"376","MI9","10.09.14","Forest","Milan",2,"1yr","20240101_102824908",20.3795944747561,45.4642
"377","MI9","10.09.14","Forest","Milan",2,"1yr","20240101_102917182",21.6490958381744,45.4642
"378","MI9","10.09.14","Forest","Milan",2,"1yr","20240101_102932091",22.2369328146911,45.4642
"379","PB10","15.05.14","Urban","Malmo",2,"1yr","20231231_144909772",17.2106371103751,55.605
"380","PB10","15.05.14","Urban","Malmo",2,"1yr","20231231_144924655",20.4392494904543,55.605
"381","PB10","15.05.14","Urban","Malmo",2,"1yr","20231231_144938843",20.74824670908,55.605
"382","PB105","25.05.14","Urban","Malmo",2,"1yr","20231230_155501959",21.5568342030577,55.605
"383","PB105","25.05.14","Urban","Malmo",2,"1yr","20231230_155555742",19.5888203978705,55.605
"384","PB105","25.05.14","Urban","Malmo",2,"1yr","20231230_155635643",20.8521548429367,55.605
"385","PB11","15.05.14","Urban","Malmo",2,"1yr","20231231_144609858",18.203705732019,55.605
"386","PB11","15.05.14","Urban","Malmo",2,"1yr","20231231_144631859",21.4478462016315,55.605
"387","PB11","15.05.14","Urban","Malmo",2,"1yr","20231231_144650544",20.093394473416,55.605
"388","PB110","25.05.14","Urban","Malmo",2,"2yr+","20231230_155233754",22.2435686166804,55.605
"389","PB110","25.05.14","Urban","Malmo",2,"2yr+","20231230_155247743",21.471015395332,55.605
"390","PB110","25.05.14","Urban","Malmo",2,"2yr+","20231230_155310119",22.1744379330009,55.605
"391","PB111","25.05.14","Urban","Malmo",1,"2yr+","20231230_155007626",22.4609872949424,55.605
"392","PB111","25.05.14","Urban","Malmo",1,"2yr+","20231230_155025020",20.1507102231996,55.605
"393","PB111","25.05.14","Urban","Malmo",1,"2yr+","20231230_155058150",21.8016016016016,55.605
"394","PB112","25.05.14","Urban","Malmo",1,"1yr","20231230_171834393",18.29521193601,55.605
"395","PB112","25.05.14","Urban","Malmo",1,"1yr","20231230_171904915",18.1513489952053,55.605
"396","PB112","25.05.14","Urban","Malmo",1,"1yr","20231230_171933561",18.4981058479949,55.605
"397","PB114","25.05.14","Urban","Malmo",1,"1yr","20231230_154753351",21.8441166478603,55.605
"398","PB114","25.05.14","Urban","Malmo",1,"1yr","20231230_154815393",20.4810375020308,55.605
"399","PB114","25.05.14","Urban","Malmo",1,"1yr","20231230_154843894",19.7167015308471,55.605
"400","PB115","25.05.14","Urban","Malmo",2,"1yr","20231230_154517370",22.1316579656131,55.605
"401","PB115","25.05.14","Urban","Malmo",2,"1yr","20231230_154604548",19.524118790584,55.605
"402","PB115","25.05.14","Urban","Malmo",2,"1yr","20231230_154625107",19.4513743597143,55.605
"403","PB12","16.05.14","Urban","Malmo",2,"2yr+","20231231_144330408",19.4691167070685,55.605
"404","PB12","16.05.14","Urban","Malmo",2,"2yr+","20231231_144339379",20.0515802080726,55.605
"405","PB12","16.05.14","Urban","Malmo",2,"2yr+","20231231_144355285",20.0703547859236,55.605
"406","PB126","25.05.14","Forest","Malmo",1,"1yr","20231230_154248565",18.3563705244855,55.605
"407","PB126","25.05.14","Forest","Malmo",1,"1yr","20231230_154307708",14.9866423347813,55.605
"408","PB126","25.05.14","Forest","Malmo",1,"1yr","20231230_154350800",16.5161661497701,55.605
"409","PB127","25.05.14","Forest","Malmo",2,"2yr+","20231230_153953774",19.9071747649998,55.605
"410","PB127","25.05.14","Forest","Malmo",2,"2yr+","20231230_154030946",16.4982090524259,55.605
"411","PB127","25.05.14","Forest","Malmo",2,"2yr+","20231230_154047357",19.4513743597143,55.605
"412","PB128","25.05.14","Forest","Malmo",2,"1yr","20231230_153653960",15.8270173628636,55.605
"413","PB128","25.05.14","Forest","Malmo",2,"1yr","20231230_153747981",15.87158154869,55.605
"414","PB128","25.05.14","Forest","Malmo",2,"1yr","20231230_153817844",17.8473718675448,55.605
"415","PB129","25.05.14","Forest","Malmo",1,"2yr+","20231230_150745043",19.8591950885111,55.605
"416","PB129","25.05.14","Forest","Malmo",1,"2yr+","20231230_150844874",22.4848002281027,55.605
"417","PB129","25.05.14","Forest","Malmo",1,"2yr+","20231230_150916583",20.4357983949143,55.605
"418","PB13","16.05.14","Urban","Malmo",1,"2yr+","20231231_105108563",20.5409155619089,55.605
"419","PB13","16.05.14","Urban","Malmo",1,"2yr+","20231231_105157071",21.5137953627197,55.605
"420","PB13","16.05.14","Urban","Malmo",1,"2yr+","20231231_105231173",20.832460774027,55.605
"421","PB131","26.05.14","Forest","Malmo",1,"1yr","20231230_153353059",18.7878697482873,55.605
"422","PB131","26.05.14","Forest","Malmo",1,"1yr","20231230_153414244",19.4755870895506,55.605
"423","PB131","26.05.14","Forest","Malmo",1,"1yr","20231230_153428828",18.7718846290198,55.605
"424","PB135","26.05.14","Forest","Malmo",2,"1yr","20231230_153134361",19.0982499706257,55.605
"425","PB135","26.05.14","Forest","Malmo",2,"1yr","20231230_153155413",19.5659068021605,55.605
"426","PB135","26.05.14","Forest","Malmo",2,"1yr","20231230_153214949",17.1946699183441,55.605
"427","PB136","26.05.14","Forest","Malmo",2,"1yr","20231230_152813154",21.1761145203174,55.605
"428","PB136","26.05.14","Forest","Malmo",2,"1yr","20231230_152836784",19.4890756971072,55.605
"429","PB136","26.05.14","Forest","Malmo",2,"1yr","20231230_152901008",19.1775955786894,55.605
"430","PB139","26.05.14","Forest","Malmo",1,"2yr+","20231230_152443776",19.5079168638299,55.605
"431","PB139","26.05.14","Forest","Malmo",1,"2yr+","20231230_152514001",18.8287687859039,55.605
"432","PB139","26.05.14","Forest","Malmo",1,"2yr+","20231230_152557569",20.1497182673883,55.605
"433","PB14","15.05.14","Urban","Malmo",1,"2yr+","20231231_144014016",17.4723096590567,55.605
"434","PB14","15.05.14","Urban","Malmo",1,"2yr+","20231231_144028381",19.6387190081341,55.605
"435","PB14","15.05.14","Urban","Malmo",1,"2yr+","20231231_144048147",19.1209402173258,55.605
"436","PB140","26.05.14","Forest","Malmo",2,"2yr+","20231230_151102591",20.3969684843988,55.605
"437","PB140","26.05.14","Forest","Malmo",2,"2yr+","20231230_151223336",18.4563051996935,55.605
"438","PB140","26.05.14","Forest","Malmo",2,"2yr+","20231230_151247026",23.8300361567114,55.605
"439","PB15","16.05.14","Urban","Malmo",2,"2yr+","20231231_143749679",21.0164445205974,55.605
"440","PB15","16.05.14","Urban","Malmo",2,"2yr+","20231231_143811222",20.4197797757958,55.605
"441","PB15","16.05.14","Urban","Malmo",2,"2yr+","20231231_143834260",21.8441166478603,55.605
"442","PB152","27.05.14","Forest","Malmo",2,"2yr+","20231230_152011954",19.8392360984724,55.605
"443","PB152","27.05.14","Forest","Malmo",2,"2yr+","20231230_152110265",19.1216562559846,55.605
"444","PB152","27.05.14","Forest","Malmo",2,"2yr+","20231230_152127160",18.113220030506,55.605
"445","PB153","27.05.14","Forest","Malmo",1,"2yr+","20231230_150231278",20.4143639007187,55.605
"446","PB153","27.05.14","Forest","Malmo",1,"2yr+","20231230_150408824",23.0089526717967,55.605
"447","PB153","27.05.14","Forest","Malmo",1,"2yr+","20231230_150503045",19.0767108323932,55.605
"448","PB154","27.05.14","Forest","Malmo",1,"1yr","20231230_170909889",20.211598274449,55.605
"449","PB154","27.05.14","Forest","Malmo",1,"1yr","20231230_170925801",22.2005237281636,55.605
"450","PB154","27.05.14","Forest","Malmo",1,"1yr","20231230_170940842",19.7387591519011,55.605
"451","PB158","27.05.14","Forest","Malmo",1,"2yr+","20231230_171120375",18.5921450151058,55.605
"452","PB158","27.05.14","Forest","Malmo",1,"2yr+","20231230_171139062",17.4893877116731,55.605
"453","PB158","27.05.14","Forest","Malmo",1,"2yr+","20231230_171158034",18.4981058479949,55.605
"454","PB159","27.05.14","Forest","Malmo",1,"1yr","20231230_170017962",19.1184335574702,55.605
"455","PB159","27.05.14","Forest","Malmo",1,"1yr","20231230_170033207",18.1856337737658,55.605
"456","PB159","27.05.14","Forest","Malmo",1,"1yr","20231230_170117752",18.554990004879,55.605
"457","PB16","17.05.14","Urban","Malmo",2,"2yr+","20231231_143457944",21.1625171380385,55.605
"458","PB16","17.05.14","Urban","Malmo",2,"2yr+","20231231_143524409",18.7907317894332,55.605
"459","PB16","17.05.14","Urban","Malmo",2,"2yr+","20231231_143559060",22.1077191649481,55.605
"460","PB164","27.05.14","Forest","Malmo",2,"1yr","20231230_171546761",19.5263456227312,55.605
"461","PB164","27.05.14","Forest","Malmo",2,"1yr","20231230_171606658",21.2455949220299,55.605
"462","PB164","27.05.14","Forest","Malmo",2,"1yr","20231230_171701588",20.0424872812281,55.605
"463","PB165","27.05.14","Forest","Malmo",1,"1yr","20231230_170314250",18.4981058479949,55.605
"464","PB165","27.05.14","Forest","Malmo",1,"1yr","20231230_170334149",18.8504969920632,55.605
"465","PB165","27.05.14","Forest","Malmo",1,"1yr","20231230_170358328",19.7247224634273,55.605
"466","PB18","17.05.14","Urban","Malmo",1,"1yr","20231231_143113030",19.019524074774,55.605
"467","PB18","17.05.14","Urban","Malmo",1,"1yr","20231231_143133196",18.8462763440469,55.605
"468","PB18","17.05.14","Urban","Malmo",1,"1yr","20231231_143221703",19.2975723027554,55.605
"469","PB184","28.05.14","Urban","Malmo",2,"2yr+","20231230_165719231",19.1965566192262,55.605
"470","PB184","28.05.14","Urban","Malmo",2,"2yr+","20231230_165802697",20.7896604962826,55.605
"471","PB184","28.05.14","Urban","Malmo",2,"2yr+","20231230_165826353",19.8992340321645,55.605
"472","PB185","28.05.14","Urban","Malmo",1,"1yr","20231230_170519550",18.3140474089688,55.605
"473","PB185","28.05.14","Urban","Malmo",1,"1yr","20231230_170600077",19.1617220022337,55.605
"474","PB185","28.05.14","Urban","Malmo",1,"1yr","20231230_170624689",20.8742427919128,55.605
"475","PB19","17.05.14","Urban","Malmo",1,"2yr+","20231231_142811071",19.0424051495403,55.605
"476","PB19","17.05.14","Urban","Malmo",1,"2yr+","20231231_142829781",19.19855251823,55.605
"477","PB19","17.05.14","Urban","Malmo",1,"2yr+","20231231_142849476",20.4580666477862,55.605
"478","PB190","28.05.14","Urban","Malmo",2,"1yr","20231230_162718319",21.1394858537123,55.605
"479","PB190","28.05.14","Urban","Malmo",2,"1yr","20231230_162734053",23.1445886974588,55.605
"480","PB190","28.05.14","Urban","Malmo",2,"1yr","20231230_162753661",20.1895163736517,55.605
"481","PB203","28.05.14","Forest","Malmo",1,"1yr","20231230_172222424",19.4098369526008,55.605
"482","PB203","28.05.14","Forest","Malmo",1,"1yr","20231230_172247338",18.8475030890693,55.605
"483","PB203","28.05.14","Forest","Malmo",1,"1yr","20231230_172307995",20.1487263115771,55.605
"484","PB204","29.05.14","Forest","Malmo",2,"1yr","20231230_171340293",18.2406298635906,55.605
"485","PB204","29.05.14","Forest","Malmo",2,"1yr","20231230_171406237",22.1995197304828,55.605
"486","PB204","29.05.14","Forest","Malmo",2,"1yr","20231230_171420232",21.889157435381,55.605
"487","PB207","29.05.14","Forest","Malmo",2,"1yr","20231230_163910651",16.8975884975885,55.605
"488","PB207","29.05.14","Forest","Malmo",2,"1yr","20231230_163936909",19.1747275976883,55.605
"489","PB207","29.05.14","Forest","Malmo",2,"1yr","20231230_164010414",16.249805281733,55.605
"490","PB210","29.05.14","Forest","Malmo",1,"1yr","20231230_151649116",19.6942383252118,55.605
"491","PB210","29.05.14","Forest","Malmo",1,"1yr","20231230_151703410",18.8652373845837,55.605
"492","PB210","29.05.14","Forest","Malmo",1,"1yr","20231230_151757991",17.7664631777164,55.605
"493","PB211","29.05.14","Forest","Malmo",2,"2yr+","20231230_161514289",19.1574568580557,55.605
"494","PB211","29.05.14","Forest","Malmo",2,"2yr+","20231230_161627513",19.5289947669465,55.605
"495","PB211","29.05.14","Forest","Malmo",2,"2yr+","20231230_161659063",16.8425016305936,55.605
"496","PB212","29.05.14","Forest","Malmo",2,"1yr","20231230_161908114",18.4358718455913,55.605
"497","PB212","29.05.14","Forest","Malmo",2,"1yr","20231230_161925776",20.1705553331149,55.605
"498","PB212","29.05.14","Forest","Malmo",2,"1yr","20231230_161937957",22.1764338320047,55.605
"499","PB23","17.05.14","Urban","Malmo",1,"2yr+","20231231_142147285",19.2402157426336,55.605
"500","PB23","17.05.14","Urban","Malmo",1,"2yr+","20231231_142204347",16.1870277571745,55.605
"501","PB23","17.05.14","Urban","Malmo",1,"2yr+","20231231_142217305",18.1687765186655,55.605
"502","PB24","17.05.14","Urban","Malmo",2,"2yr+","20231231_142413536",21.1148852780273,55.605
"503","PB24","17.05.14","Urban","Malmo",2,"2yr+","20231231_142426870",20.1705553331149,55.605
"504","PB24","17.05.14","Urban","Malmo",2,"2yr+","20231231_142440199",18.8662353340856,55.605
"505","PB25","18.05.14","Urban","Malmo",2,"2yr+","20231231_142622564",21.3469253292284,55.605
"506","PB25","18.05.14","Urban","Malmo",2,"2yr+","20231231_142643820",20.7436872363573,55.605
"507","PB25","18.05.14","Urban","Malmo",2,"2yr+","20231231_142656623",19.2176405705216,55.605
"508","PB26","18.05.14","Urban","Malmo",1,"1yr","20231231_141927098",18.1687765186655,55.605
"509","PB26","18.05.14","Urban","Malmo",1,"1yr","20231231_141933958",18.2961803206332,55.605
"510","PB26","18.05.14","Urban","Malmo",1,"1yr","20231231_141945912",18.2055927638045,55.605
"511","PB27","18.05.14","Urban","Malmo",2,"1yr","20231231_103805741",18.4114065622687,55.605
"512","PB27","18.05.14","Urban","Malmo",2,"1yr","20231231_103828348",20.6390255107105,55.605
"513","PB27","18.05.14","Urban","Malmo",2,"1yr","20231231_103845769",19.8594359259012,55.605
"514","PB28","19.05.14","Forest","Malmo",1,"2yr+","20231231_145751264",20.4177995564347,55.605
"515","PB28","19.05.14","Forest","Malmo",1,"2yr+","20231231_145813651",20.8093688818582,55.605
"516","PB28","19.05.14","Forest","Malmo",1,"2yr+","20231231_145847786",21.4674310743245,55.605
"517","PB280","31.05.14","Forest","Malmo",1,"2yr+","20231230_163012951",18.8935066635982,55.605
"518","PB280","31.05.14","Forest","Malmo",1,"2yr+","20231230_163122548",20.2095902790876,55.605
"519","PB280","31.05.14","Forest","Malmo",1,"2yr+","20231230_163153071",21.8241576578216,55.605
"520","PB295","31.05.14","Forest","Malmo",1,"2yr+","20231230_163329236",19.2345875675181,55.605
"521","PB295","31.05.14","Forest","Malmo",1,"2yr+","20231230_163350785",19.041474589232,55.605
"522","PB295","31.05.14","Forest","Malmo",1,"2yr+","20231230_163431733",18.5740659608129,55.605
"523","PB301","01.06.14","Urban","Malmo",1,"2yr+","20231230_163637953",21.2678110409228,55.605
"524","PB301","01.06.14","Urban","Malmo",1,"2yr+","20231230_163654355",20.5008766182555,55.605
"525","PB301","01.06.14","Urban","Malmo",1,"2yr+","20231230_163712936",19.5469518098026,55.605
"526","PB303","01.06.14","Urban","Malmo",1,"1yr","20231230_164616562",19.4485183122591,55.605
"527","PB303","01.06.14","Urban","Malmo",1,"1yr","20231230_164634477",21.8453795184913,55.605
"528","PB303","01.06.14","Urban","Malmo",1,"1yr","20231230_164651236",21.2005541345093,55.605
"529","PB304","01.06.14","Urban","Malmo",2,"1yr","20231230_165311004",18.9063891931362,55.605
"530","PB304","01.06.14","Urban","Malmo",2,"1yr","20231230_165357765",20.5073379926954,55.605
"531","PB304","01.06.14","Urban","Malmo",2,"1yr","20231230_165418561",20.5429175090915,55.605
"532","PB306","01.06.14","Urban","Malmo",1,"2yr+","20231230_172525669",20.2178269178269,55.605
"533","PB306","01.06.14","Urban","Malmo",1,"2yr+","20231230_172539663",20.2315572644877,55.605
"534","PB306","01.06.14","Urban","Malmo",1,"2yr+","20231230_172636421",19.1407793335504,55.605
"535","PB31","19.05.14","Forest","Malmo",2,"2yr+","20231231_145532701",22.4848002281027,55.605
"536","PB31","19.05.14","Forest","Malmo",2,"2yr+","20231231_145600911",22.701045356734,55.605
"537","PB31","19.05.14","Forest","Malmo",2,"2yr+","20231231_145622499",20.5449194562742,55.605
"538","PB36","20.05.14","Forest","Malmo",2,"1yr","20231231_104309544",19.234824494352,55.605
"539","PB36","20.05.14","Forest","Malmo",2,"1yr","20231231_104333548",18.3581941867656,55.605
"540","PB36","20.05.14","Forest","Malmo",2,"1yr","20231231_104403598",19.3747726612867,55.605
"541","PB38","20.05.14","Forest","Malmo",1,"2yr+","20231231_141636290",21.5110663808549,55.605
"542","PB38","20.05.14","Forest","Malmo",1,"2yr+","20231231_141722291",20.874236743734,55.605
"543","PB38","20.05.14","Forest","Malmo",1,"2yr+","20231231_141750765",19.8038974194663,55.605
"544","PB40","20.05.14","Urban","Malmo",2,"1yr","20231231_121743455",18.2025989152987,55.605
"545","PB40","20.05.14","Urban","Malmo",2,"1yr","20231231_121824408",20.1100389582281,55.605
"546","PB40","20.05.14","Urban","Malmo",2,"1yr","20231231_121842789",20.1100389582281,55.605
"547","PB45","21.05.14","Urban","Malmo",2,"1yr","20231231_104735650",19.7996766631262,55.605
"548","PB45","21.05.14","Urban","Malmo",2,"1yr","20231231_104836435",19.19855251823,55.605
"549","PB45","21.05.14","Urban","Malmo",2,"1yr","20231231_104853952",20.8957138957139,55.605
"550","PB48","21.05.14","Forest","Malmo",1,"2yr+","20231231_120952916",18.7865894595502,55.605
"551","PB48","21.05.14","Forest","Malmo",1,"2yr+","20231231_121013966",18.4422374796265,55.605
"552","PB48","21.05.14","Forest","Malmo",1,"2yr+","20231231_121026765",19.406375502008,55.605
"553","PB49","21.05.14","Forest","Malmo",2,"2yr+","20231231_121300119",22.1534809934602,55.605
"554","PB49","21.05.14","Forest","Malmo",2,"2yr+","20231231_121315825",20.9057015790378,55.605
"555","PB49","21.05.14","Forest","Malmo",2,"2yr+","20231231_121326461",21.7202247924035,55.605
"556","PB52","21.05.14","Forest","Malmo",1,"1yr","20231231_121508652",20.2394375298217,55.605
"557","PB52","21.05.14","Forest","Malmo",1,"1yr","20231231_121528684",18.5711698758781,55.605
"558","PB52","21.05.14","Forest","Malmo",1,"1yr","20231231_121547327",20.8541507419405,55.605
"559","PB53","22.05.14","Forest","Malmo",2,"2yr+","20231231_120521269",20.3790955134239,55.605
"560","PB53","22.05.14","Forest","Malmo",2,"2yr+","20231231_120544090",21.3586153925009,55.605
"561","PB53","22.05.14","Forest","Malmo",2,"2yr+","20231231_120557191",20.5239625167336,55.605
"562","PB54","22.05.14","Forest","Malmo",1,"2yr+","20231231_120723794",19.4720925745022,55.605
"563","PB54","22.05.14","Forest","Malmo",1,"2yr+","20231231_120825434",20.1319759200341,55.605
"564","PB54","22.05.14","Forest","Malmo",1,"2yr+","20231231_120839649",21.3839822829483,55.605
"565","PB55","22.05.14","Forest","Malmo",1,"2yr+","20231231_120231209",17.950279438476,55.605
"566","PB55","22.05.14","Forest","Malmo",1,"2yr+","20231231_120252723",17.195667867846,55.605
"567","PB55","22.05.14","Forest","Malmo",1,"2yr+","20231231_120303705",17.837457284023,55.605
"568","PB60","22.05.14","Urban","Malmo",1,"2yr+","20231231_120005545",18.1615529282196,55.605
"569","PB60","22.05.14","Urban","Malmo",1,"2yr+","20231231_120029632",16.8084522165937,55.605
"570","PB60","22.05.14","Urban","Malmo",1,"2yr+","20231231_120056397",16.5960727860262,55.605
"571","PB61","22.05.14","Urban","Malmo",2,"2yr+","20231231_115812193",16.4833297152574,55.605
"572","PB61","22.05.14","Urban","Malmo",2,"2yr+","20231231_115827602",18.8643483023001,55.605
"573","PB61","22.05.14","Urban","Malmo",2,"2yr+","20231231_115851066",19.0616604628581,55.605
"574","PB69","22.05.14","Urban","Malmo",1,"2yr+","20231231_115516171",19.8392360984724,55.605
"575","PB69","22.05.14","Urban","Malmo",1,"2yr+","20231231_115527986",20.4028846865207,55.605
"576","PB69","22.05.14","Urban","Malmo",1,"2yr+","20231231_115611311",20.9809605656014,55.605
"577","PB74","23.05.14","Urban","Malmo",2,"2yr+","20231231_115311123",20.1885184241498,55.605
"578","PB74","23.05.14","Urban","Malmo",2,"2yr+","20231231_115336511",21.7993467751594,55.605
"579","PB74","23.05.14","Urban","Malmo",2,"2yr+","20231231_115353908",21.6642001704237,55.605
"580","PB75","23.05.14","Urban","Malmo",1,"2yr+","20231231_114814240",19.1213916585311,55.605
"581","PB75","23.05.14","Urban","Malmo",1,"2yr+","20231231_114834994",19.1577564624647,55.605
"582","PB75","23.05.14","Urban","Malmo",1,"2yr+","20231231_114855489",18.7639299613489,55.605
"583","PB76","23.05.14","Urban","Malmo",2,"2yr+","20231231_114426353",19.2355915651988,55.605
"584","PB76","23.05.14","Urban","Malmo",2,"2yr+","20231231_114500926",20.1916392844103,55.605
"585","PB76","23.05.14","Urban","Malmo",2,"2yr+","20231231_114617948",20.8941957337727,55.605
"586","PB8","09.05.14","Urban","Malmo",1,"2yr+","20231231_145329381",22.3279930098928,55.605
"587","PB8","09.05.14","Urban","Malmo",1,"2yr+","20231231_145354426",22.7242702051828,55.605
"588","PB8","09.05.14","Urban","Malmo",1,"2yr+","20231231_145409010",23.0986830203698,55.605
"589","PB81","23.05.14","Urban","Malmo",1,"1yr","20231231_114139201",19.5669107998413,55.605
"590","PB81","23.05.14","Urban","Malmo",1,"1yr","20231231_114228665",19.9053608372885,55.605
"591","PB81","23.05.14","Urban","Malmo",1,"1yr","20231231_114244905",18.8139015444405,55.605
"592","PB82","23.05.14","Urban","Malmo",2,"1yr","20231231_113937565",18.9043872459535,55.605
"593","PB82","23.05.14","Urban","Malmo",2,"1yr","20231231_113957033",18.8825461825462,55.605
"594","PB82","23.05.14","Urban","Malmo",2,"1yr","20231231_114013964",22.0433727140314,55.605
"595","PB84","23.05.14","Urban","Malmo",2,"2yr+","20231231_105425977",18.1319602735265,55.605
"596","PB84","23.05.14","Urban","Malmo",2,"2yr+","20231231_105450545",18.1489314087502,55.605
"597","PB84","23.05.14","Urban","Malmo",2,"2yr+","20231231_105514729",17.1059236947791,55.605
"598","PB85","24.05.14","Urban","Malmo",1,"2yr+","20231231_104004908",17.559241059241,55.605
"599","PB85","24.05.14","Urban","Malmo",1,"2yr+","20231231_104024408",17.7997679340115,55.605
"600","PB85","24.05.14","Urban","Malmo",1,"2yr+","20231231_104042791",18.2008317573272,55.605
"601","PB89","24.05.14","Forest","Malmo",2,"2yr+","20231231_105755836",17.7491330306389,55.605
"602","PB89","24.05.14","Forest","Malmo",2,"2yr+","20231231_105813395",18.1641223212574,55.605
"603","PB89","24.05.14","Forest","Malmo",2,"2yr+","20231231_105934767",18.5921450151058,55.605
"604","PB9","15.05.14","Urban","Malmo",1,"2yr+","20231231_145114574",18.4980998543041,55.605
"605","PB9","15.05.14","Urban","Malmo",1,"2yr+","20231231_145129258",17.174818814738,55.605
"606","PB9","15.05.14","Urban","Malmo",1,"2yr+","20231231_145159519",19.0671833905995,55.605
"607","PB90","24.05.14","Forest","Malmo",2,"2yr+","20231230_161053385",24.7008401518899,55.605
"608","PB90","24.05.14","Forest","Malmo",2,"2yr+","20231230_161127150",17.4376921832012,55.605
"609","PB90","24.05.14","Forest","Malmo",2,"2yr+","20231230_161139254",20.1507162168903,55.605
"610","PB91","24.05.14","Forest","Malmo",1,"1yr","20231230_160734764",17.876486236305,55.605
"611","PB91","24.05.14","Forest","Malmo",1,"1yr","20231230_160749545",17.8903435402325,55.605
"612","PB91","24.05.14","Forest","Malmo",1,"1yr","20231230_160803965",18.423708139277,55.605
"613","PB92","24.05.14","Forest","Malmo",2,"1yr","20231230_160515536",19.5100266429572,55.605
"614","PB92","24.05.14","Forest","Malmo",2,"1yr","20231230_160532398",20.4600805624902,55.605
"615","PB92","24.05.14","Forest","Malmo",2,"1yr","20231230_160624666",19.0417645344947,55.605
"616","PB93","24.05.14","Forest","Malmo",2,"2yr+","20231230_160311819",20.1089282053137,55.605
"617","PB93","24.05.14","Forest","Malmo",2,"2yr+","20231230_160331751",20.1287673215384,55.605
"618","PB93","24.05.14","Forest","Malmo",2,"2yr+","20231230_160400688",23.4519571440548,55.605
"619","PB94","24.05.14","Forest","Malmo",1,"2yr+","20231230_160107676",20.9703978543081,55.605
"620","PB94","24.05.14","Forest","Malmo",1,"2yr+","20231230_160128400",22.7675016406134,55.605
"621","PB94","24.05.14","Forest","Malmo",1,"2yr+","20231230_160144209",20.5347935999465,55.605
"622","PB95","24.05.14","Forest","Malmo",2,"1yr","20231230_155821999",20.5409155619089,55.605
"623","PB95","24.05.14","Forest","Malmo",2,"1yr","20231230_155837139",21.7783898356187,55.605
"624","PB95","24.05.14","Forest","Malmo",2,"1yr","20231230_155948482",21.5358833116959,55.605
